{"epoch": 0, "mean_reward": 10.0, "mean_entropy": 0.9533877372741699, "sup_scale": 1.0, "log_alpha": -0.0020010441076010466, "_runtime": 13, "_timestamp": 1633369268, "_step": 1}