{"epoch": 34, "mean_reward": 0.4573395098809521, "mean_entropy": -2.961482524871826, "sup_scale": 0.6247727870941162, "log_alpha": -0.18552321195602417, "_runtime": 122, "_timestamp": 1633366486, "_step": 174}