{"epoch": 16, "mean_reward": 2.40933106978904, "ent_loss": -0.4731798470020294, "sup_scale": 0.7606337666511536, "log_alpha": 0.09295303374528885, "_runtime": 40, "_timestamp": 1633365468, "_step": 54}