{"epoch": 6, "mean_reward": 0.5650778213034423, "mean_entropy": -13.663887023925781, "sup_scale": 0.34182125329971313, "log_alpha": -0.033612459897994995, "_runtime": 7, "_timestamp": 1633365190, "_step": 4}