{"epoch": 59, "mean_reward": 0.130523752578017, "mean_entropy": -12.78499984741211, "sup_scale": 0.017556706443428993, "log_alpha": -7.9246296882629395, "_runtime": 7307, "_timestamp": 1633382855, "_step": 7611}