{"epoch": 67, "mean_reward": 0.5733713339225041, "mean_entropy": -3.1944775581359863, "sup_scale": 0.8077002763748169, "log_alpha": -0.15027211606502533, "sup_norm": 0.009097754023969173, "_runtime": 179, "_timestamp": 1633371473, "_step": 135}