{"epoch": 23, "mean_reward": 0.10964951783475607, "mean_entropy": -7.853282928466797, "sup_scale": 0.048311252146959305, "log_alpha": -2.7514543533325195, "_runtime": 2760, "_timestamp": 1633375481, "_step": 2784}