{"epoch": 9, "mean_reward": 0.5154664948375844, "mean_entropy": -6.614714622497559, "sup_scale": 0.8625275492668152, "log_alpha": -0.01995835267007351, "sup_norm": {"_type": "histogram", "values": [196, 0, 1, 0, 0, 0, 1, 0, 0, 0, 0, 0, 1, 0, 0, 0, 0, 0, 0, 0, 0, 0, 0, 0, 0, 0, 0, 0, 0, 0, 0, 1], "bins": [2.458961603224452e-07, 0.18179884552955627, 0.36359745264053345, 0.5453960299491882, 0.7271946668624878, 0.9089932441711426, 1.0907918214797974, 1.2725903987884521, 1.4543890953063965, 1.6361876726150513, 1.817986249923706, 1.9997848272323608, 2.1815834045410156, 2.36338210105896, 2.545180559158325, 2.7269792556762695, 2.908777952194214, 3.090576410293579, 3.2723751068115234, 3.4541735649108887, 3.635972261428833, 3.8177707195281982, 3.9995694160461426, 4.181367874145508, 4.363166809082031, 4.5449652671813965, 4.726763725280762, 4.908562660217285, 5.09036111831665, 5.272159576416016, 5.453958034515381, 5.635756969451904, 5.8175554275512695]}, "_runtime": 37, "_timestamp": 1633371250, "_step": 19}