{"epoch": 43, "mean_reward": 0.5750712355340261, "mean_entropy": -4.93157434463501, "sup_scale": 0.8561152219772339, "log_alpha": -0.1034800186753273, "sup_norm": 0.0407792329788208, "_runtime": 120, "_timestamp": 1633371602, "_step": 87}