{"epoch": 27, "mean_reward": 0.7106255792531866, "mean_entropy": -1.17765474319458, "sup_scale": 0.0, "log_alpha": -0.055742017924785614, "_runtime": 81, "_timestamp": 1633370308, "_step": 55}