{"epoch": 166, "mean_reward": 0.5059549969927576, "mean_entropy": -6.424195289611816, "sup_scale": 0.6035947799682617, "log_alpha": -0.40748754143714905, "_runtime": 421, "_timestamp": 1633372065, "_step": 333}