{"epoch": 142, "mean_reward": 0.5930220602404035, "mean_entropy": -2.948823928833008, "sup_scale": 0.5164477229118347, "log_alpha": -0.29638639092445374, "_runtime": 371, "_timestamp": 1633370220, "_step": 285}