{"epoch": 166, "mean_reward": 0.590146018416444, "mean_entropy": -3.1724860668182373, "sup_scale": 0.6891473531723022, "log_alpha": -0.8124333024024963, "_runtime": 534, "_timestamp": 1633366354, "_step": 834}