{"epoch": 26, "mean_reward": 0.6329428295547024, "mean_entropy": -0.8690115213394165, "sup_scale": 0.0016580048250034451, "log_alpha": -0.05664803832769394, "_runtime": 79, "_timestamp": 1633370556, "_step": 53}