{"epoch": 197, "mean_reward": 0.5090222487786218, "mean_entropy": -2.9149160385131836, "sup_scale": 0.6502508521080017, "log_alpha": -0.40419498085975647, "_runtime": 536, "_timestamp": 1633369230, "_step": 395}