{"epoch": 5, "mean_reward": 10.0, "mean_entropy": -8.013893127441406, "sup_scale": 0.5843092799186707, "log_alpha": -1.1188679933547974, "_runtime": 841, "_timestamp": 1633367352, "_step": 975}