{"epoch": 74, "mean_reward": 2.530215149793365, "mean_entropy": -2.7905566692352295, "sup_scale": 0.46928510069847107, "log_alpha": -0.3528415858745575, "_runtime": 235, "_timestamp": 1633365174, "_step": 374}