{"epoch": 60, "mean_reward": 0.5374078811718921, "mean_entropy": -5.954474449157715, "sup_scale": 0.8958877325057983, "log_alpha": -0.3438790738582611, "_runtime": 201, "_timestamp": 1633367860, "_step": 304}