{"epoch": 92, "mean_reward": 0.6394577800968455, "mean_entropy": -1.2973207235336304, "sup_scale": 0.677331805229187, "log_alpha": -0.1844482570886612, "_runtime": 252, "_timestamp": 1633369797, "_step": 185}