{"epoch": 35, "mean_reward": 1.4956172616722252, "ent_loss": -0.5620894432067871, "sup_scale": 0.8092365860939026, "log_alpha": -0.11963550001382828, "_runtime": 96, "_timestamp": 1633365580, "_step": 149}