{"epoch": 8, "mean_reward": 0.45539376174350166, "mean_entropy": -2.394247055053711, "sup_scale": 0.756699800491333, "log_alpha": -0.01766432821750641, "_runtime": 29, "_timestamp": 1633369342, "_step": 17}