{"epoch": 189, "mean_reward": 0.380648357587057, "mean_entropy": -4.000395774841309, "sup_scale": 0.6462982892990112, "log_alpha": -0.45964673161506653, "_runtime": 69, "_timestamp": 1633372377, "_step": 51}