{"epoch": 7, "mean_reward": 0.5847390682974473, "mean_entropy": -2.8112711906433105, "sup_scale": 0.636922299861908, "log_alpha": -0.1786315143108368, "_runtime": 10, "_timestamp": 1633368686, "_step": 3}