{"epoch": 0, "mean_reward": 10.0, "mean_entropy": -1.5941435098648071, "sup_scale": 0.7161720991134644, "log_alpha": 0.016764327883720398, "_runtime": 88, "_timestamp": 1633364134, "_step": 16}