{"epoch": 39, "mean_reward": 0.48075994509871195, "mean_entropy": -3.670714855194092, "sup_scale": 0.6194091439247131, "log_alpha": -0.1964510828256607, "_runtime": 139, "_timestamp": 1633368436, "_step": 196}