{"epoch": 4, "mean_reward": 10.0, "mean_entropy": -2.6463279724121094, "sup_scale": 0.7888392210006714, "log_alpha": -0.020457666367292404, "_runtime": 20, "_timestamp": 1633368285, "_step": 24}