{"epoch": 57, "mean_reward": 1.579161151703265, "mean_entropy": -6.549488067626953, "sup_scale": 0.6884620785713196, "log_alpha": 0.2979327440261841, "_runtime": 193, "_timestamp": 1633365395, "_step": 289}