{"epoch": 30, "mean_reward": 0.5420247956277644, "mean_entropy": -3.804492950439453, "sup_scale": 0.8251804709434509, "log_alpha": -0.07215407490730286, "_runtime": 83, "_timestamp": 1633371164, "_step": 61}