{"epoch": 4, "mean_reward": 10.0, "mean_entropy": -10.81767463684082, "sup_scale": 0.9123615622520447, "log_alpha": 0.9181951880455017, "_runtime": 675, "_timestamp": 1633364824, "_step": 749}