{"epoch": 48, "mean_reward": 0.58191674822261, "mean_entropy": -3.124690532684326, "sup_scale": 0.815148115158081, "log_alpha": -0.10648483037948608, "_runtime": 129, "_timestamp": 1633369524, "_step": 97}