{"epoch": 1, "mean_reward": 10.0, "mean_entropy": -3.6387686729431152, "sup_scale": 0.3447262942790985, "log_alpha": -0.17559193074703217, "_runtime": 226, "_timestamp": 1633367587, "_step": 149}