{"epoch": 39, "mean_reward": 2.399688717688456, "mean_entropy": -3.0333192348480225, "sup_scale": 0.6415551900863647, "log_alpha": 0.20722728967666626, "_runtime": 111, "_timestamp": 1633365803, "_step": 169}