{"epoch": 3, "mean_reward": 0.0, "mean_entropy": -1.5701897144317627, "sup_scale": 1.0, "log_alpha": -0.007943402044475079, "_runtime": 21, "_timestamp": 1633369387, "_step": 7}